review_id,created,month,market,score,stream,escalated,deleted,duplicate_of,sku,product,category,subcategory,themes,owner,evidence
861864231,26-Jun-2026,2026-06,UK,5.0,LATENT,False,False,,COH-FOLD-070-2BK,FOLD Short Edge Pull Handle - Black,Handle,Edge Pull,Fixings & screws,PRODUCT,"but as expected, the quality was rubbish, and so I did what I should’ve done originally… pay a bit more for some handles of top quality. These exceeded my expectatations in every way; smooth edges, no rough bits anywhere"
861865035,26-Jun-2026,2026-06,US,5.0,LATENT,False,False,861864231,COH-FOLD-070-2BK,FOLD Short Edge Pull Handle - Black,Handle,Edge Pull,Fixings & screws,PRODUCT,"but as expected, the quality was rubbish, and so I did what I should’ve done originally… pay a bit more for some handles of top quality. These exceeded my expectatations in every way; smooth edges, no rough bits anywhere"
860674532,22-Jun-2026,2026-06,UK,3.0,EXPLICIT,True,True,,ASH-PULL-052-1AB,PULLMAN Hook - Antique Brass,Hook,Single Fixing Hook,Finish & colour mismatch,PRODUCT,"Nothing like the colour it shows in the picture , good quality but just not the thing, it’s nearly black"
858659373,15-Jun-2026,2026-06,UK,4.0,EXPLICIT,True,True,,CLB-KEPL-100-1AB,KEPLER Knurled L-Bar Handle - Antique Brass,Handle,L Bar,Returns & exchange friction,OPS,"Absolutely great product just very slow to exchange, wish I had returned for a refund and ordered the new handles to save time."
851164640,6-Jun-2026,2026-06,UK,5.0,LATENT,False,False,,CDB-BOBB-175-1BR,BOBBIN Handle - Brass,Handle,D Bar,Fixings & screws,PRODUCT,slightly longer to go through my wardrobe doors
851164747,6-Jun-2026,2026-06,US,5.0,LATENT,False,False,851164640,CDB-BOBB-175-1BR,BOBBIN Handle - Brass,Handle,D Bar,Fixings & screws,PRODUCT,slightly longer to go through my wardrobe doors
846136985,1-Jun-2026,2026-06,US,1.0,EXPLICIT,True,True,,ADH-LEVI-080-1AB,LEVI Hook - Antique Brass,Hook,Double Fixing Hook,Fixings & screws,PRODUCT,Sorry but the screws sent will not hold this hook in a plaster wall. It is too heave for them.
840016117,18-May-2026,2026-05,UK,5.0,LATENT,False,False,,ADH-HOFF-090-3BK-R,HOFFMAN 90mm Hook - Black,Hook,Double Fixing Hook,Size & dimensions,PRODUCT,"However, they were too small for my project."
840016115,18-May-2026,2026-05,US,5.0,LATENT,False,False,840016117,ADH-HOFF-090-3BK-R,HOFFMAN 90mm Hook - Black,Hook,Double Fixing Hook,Size & dimensions,PRODUCT,"However, they were too small for my project."
835451916,1-May-2026,2026-05,UK,5.0,EXPLICIT,False,True,,ADH-HOFF-150-1BR,HOFFMAN 150mm Hook - Brass,Hook,Double Fixing Hook,Fixings & screws,PRODUCT,"These brass hooks feature sleek, clean lines and are significantly weighted. The included brass screws and anchors make installing them easy."
830644754,16-Apr-2026,2026-04,UK,5.0,LATENT,False,False,,KTH-CKN-FELI-025-1AB,FELIX Hook - Antique Brass,Hook,Single Fixing Hook,Fixings & screws,PRODUCT,"but putting it to use in another project. My only other piece is that my cupboard was wider than the bolt provided, so I'll have to source longs options separately"
830645263,16-Apr-2026,2026-04,US,5.0,LATENT,False,False,830644754,KTH-CKN-FELI-025-1AB,FELIX Hook - Antique Brass,Hook,Single Fixing Hook,Fixings & screws,PRODUCT,"but putting it to use in another project. My only other piece is that my cupboard was wider than the bolt provided, so I'll have to source longs options separately"
827980518,7-Apr-2026,2026-04,UK,1.0,EXPLICIT,True,True,,CDB-BOBB-175-1BG,BOBBIN Handle - Burgundy,Handle,D Bar,Coating & durability,PRODUCT,"Chipped and visible gold underneath, clearly just sprayed burgundy that chips off"
826898310,5-Apr-2026,2026-04,UK,4.0,EXPLICIT,True,True,,GB-KIT-ETOG-MAXW-2G-1AB,MAXWELL 2G Two Way Smooth Toggle Light Switch - Antique Brass,Switch & Dimmer,Toggle Switch,Installation difficulty,PRODUCT,"Looks great, good quality and adds finishing touches to the room with the brushed brass sockets from Plank. It’s a tight fit in a 25mm box and I didn’t quite understand diagram 6 in instructions but got there in the end "
826221876,2-Apr-2026,2026-04,UK,4.0,EXPLICIT,True,True,,GB-KIT-ETOG-MAXW-2G-1AB,MAXWELL 2G Two Way Smooth Toggle Light Switch - Antique Brass,Switch & Dimmer,Toggle Switch,Coating & durability,PRODUCT,The plate was scratched and I had to order a new one
824501541,29-Mar-2026,2026-03,UK,3.0,EXPLICIT,True,True,,GB-KIT-EDIM-KEPL-1G-1AB,KEPLER 1G Knurled Dimmer Light Switch - Antique Brass,Switch & Dimmer,Dimmer Switch,Grip & usability; Installation difficulty,PRODUCT,"Looks good, quality is fine  Installation is fiddly, the sticky pad which clips the module to the frame is not strong enough and constantly pops off during install. The plastic lugs of the connecting plastic piece are aw"
824501366,29-Mar-2026,2026-03,UK,3.0,EXPLICIT,True,True,824501541,GB-KIT-EDIM-KEPL-4G-1AB,KEPLER 4G Knurled Dimmer Light Switch - Antique Brass,Switch & Dimmer,Dimmer Switch,Grip & usability; Installation difficulty,PRODUCT,"Looks the part but fitting is fiddly, the sticky pads which the control modules attach to are not strong enough   The unit looks good but really not keen on the quality of the clip in sticky back piece which is awkward t"
823365840,25-Mar-2026,2026-03,US,3.0,EXPLICIT,True,True,,CDB-GRAY-111-1AG,GRAYSON Handle - Aged Brass,Handle,D Bar,Unclassified,PRODUCT,We did not receive a packing list or any tagging on the order.
822311360,22-Mar-2026,2026-03,UK,5.0,LATENT,False,False,,GB-KIT-ETOG-KEPL-1G-1BR,KEPLER 1G Knurled Toggle Light Switch - Brass,Switch & Dimmer,Toggle Switch,Installation difficulty,PRODUCT,"disappointed. I got an electrician to fix them as i don’t like messing with electrics, but he found them easy to replace"
821642423,20-Mar-2026,2026-03,UK,2.0,EXPLICIT,True,True,,KTH-KH-REVILL-25-BR,REVILL Knurled Hook - Brass,Hook,Single Fixing Hook,Fixings & screws; Grip & usability; Weight & material feel,PRODUCT,"The brass knob itself feels nice, the knurling is satisfying and the product feels weighty. Unfortunately, it is not suitable for its intended purpose - it is designed as a hook, but the screw fitting supplied that is co"
821320340,19-Mar-2026,2026-03,UK,4.0,EXPLICIT,True,True,,ASH-PULL-052-1AB,PULLMAN Hook - Antique Brass,Hook,Single Fixing Hook,Fixings & screws,PRODUCT,"Looks good, easy to fit, mounting pieces are a bit small for something that would be truly load bearing but it's decorative in our case so no issues."
819476471,14-Mar-2026,2026-03,UK,3.0,EXPLICIT,True,True,,CBH-BLAK-150-1AB,BLAKE Handle - Antique Brass,Handle,Solid Bar,Size & dimensions; Grip & usability,PRODUCT,Beautiful but comically difficult to hold if you are to use it as intended as a drawer pull. It’s not deep enough to have any sort of grip so you end up almost having to pinch it to open the drawer.
818679993,12-Mar-2026,2026-03,UK,1.0,EXPLICIT,True,True,,CST-SQUI-060-1PN,SQUIGGLE Single T Handle - Polished Nickel,Handle,Single T,Breakage & defect,PRODUCT,Awful! Snapped clean off when tightened!
818679895,12-Mar-2026,2026-03,UK,4.0,EXPLICIT,True,True,818679993,CST-SQUI-060-1BR,SQUIGGLE Single T Handle - Brass,Handle,Single T,Breakage & defect; Value for money,PRODUCT,Awful! Snapped during tightening! What a waste of money!
816608433,5-Mar-2026,2026-03,US,3.0,EXPLICIT,True,True,,KH-KEPLER-160-BR,KEPLER Knurled T-Bar Handle - Brass,Handle,T Bar,Fixings & screws,PRODUCT,These were worth it! We knew we wanted to knurled hardware because we wanted its texture and feel. It was tough finding a knurled handle in the right soft style but so glad we splurged and took a chance with Plank. Reall
816569102,5-Mar-2026,2026-03,US,1.0,EXPLICIT,True,True,,HK-LEVI-80-BK,LEVI Hook - Black,Hook,Double Fixing Hook,Fixings & screws,PRODUCT,"These hooks are perfect for our home’s midcentury look! We are using in our entry as coat hooks and they are well made, heavy and so sleek. Easy to install and come with necessary screws. So happy with the quality and th"
816504287,5-Mar-2026,2026-03,US,1.0,EXPLICIT,True,True,,KH-BECKER-170-BR,BECKER Grooved Handle - Brass,Handle,D Bar,Unclassified,PRODUCT,I am very impressed with the Plank cabinet pulls I ordered for my new custom built-in closet.   They feel weighty and solid in hand. The quality is apparent.
806641948,8-Feb-2026,2026-02,UK,3.0,EXPLICIT,True,True,,GB-LCL-MARI-028-7BR,MARIN Glass Pendant Light - Brass,Fixed Lighting,Ceiling Light,Finish & colour mismatch,PRODUCT,"My only issue with this pendant is that the bulb bought from plank seems to leave an orange tint on the bottom of the glass, making it look like something is trapped inside the glass itself.  Other than that, it looks ni"
804124809,30-Jan-2026,2026-01,UK,4.0,EXPLICIT,True,True,,GB-KIT-ETOG-MAXW-1G-1AB,MAXWELL 1G Smooth Toggle Light Switch - Antique Brass,Switch & Dimmer,Toggle Switch,Installation difficulty,PRODUCT,The product finish and feel is very good. The system for the wires and how it holds into the backing plate is poor.
802206413,24-Jan-2026,2026-01,UK,5.0,LATENT,False,False,,GB-LCL-MARI-028-7BR,MARIN Glass Pendant Light - Brass,Fixed Lighting,Ceiling Light,Fixings & screws; Installation difficulty,PRODUCT,"but none seem to look quite as nice as this one. The fitting itself seems to be good quality, and not too heavy which means the fixings will work on just about any ceiling.  The installation itself was easy enough, altho"
801535271,22-Jan-2026,2026-01,UK,1.0,EXPLICIT,False,True,,GB-KIT-ETOG-KEPL-2G-1AB,KEPLER 2G Two Way Knurled Toggle Light Switch - Antique Brass,Switch & Dimmer,Toggle Switch,Missing parts & availability; Delivery; Customer service,OPS,"Awful, no one answers emails or telephone calls, delivery missing parts of the order."
801433835,21-Jan-2026,2026-01,US,3.0,EXPLICIT,True,True,,US-LCL-MARI-028-7BR,MARIN Glass Pendant Light - Brass,Fixed Lighting,Ceiling Light,Value for money,PRODUCT,"Great lights for the price! I really like the look, but unfortunately, they hang crooked and I can't seem to get them straight. That is my only major issue. I'm open to suggestions on how to fix this and would gladly imp"
795532611,1-Jan-2026,2026-01,UK,3.0,EXPLICIT,True,True,,HK-LEVI-80-BK,LEVI Hook - Black,Hook,Double Fixing Hook,Fixings & screws,PRODUCT,"Quality of the handels is good, however the scews supplied are really soft and rounded off. A plasterboard screw is too thick to pass through the hole, so i had to redrill the pre drilled holes to increase the diameter"
794011394,26-Dec-2025,2025-12,US,1.0,EXPLICIT,True,True,,CBP-COHE-156-1AB,COHEN Handle Backplate - Antique Brass,Cabinetry Accessory,Backplate,Delivery; Customer service,OPS,"HORRIBLE. THEY NEVER SHIPPED MY ORDER AND WHEN I SENT AN EMAIL TO CUSTOMER SERVICE, THEY NEVER RESPONDED"
785931612,28-Nov-2025,2025-11,UK,5.0,LATENT,False,False,,CKN-BOBB-025-1BR,BOBBIN Ball Knob - Brass,Knob,Knob,Fixings & screws,PRODUCT,slightly longer screws for a couple of them.
785955857,28-Nov-2025,2025-11,US,5.0,LATENT,False,False,785931612,CKN-BOBB-025-1BR,BOBBIN Ball Knob - Brass,Knob,Knob,Fixings & screws,PRODUCT,slightly longer screws for a couple of them.
785827722,27-Nov-2025,2025-11,UK,3.0,EXPLICIT,True,True,,CDB-GRAY-111-1BR,GRAYSON Handle  - Brass,Handle,D Bar,Delivery,OPS,Happy with the handles but paid for express delivery which then took a week.
785751326,27-Nov-2025,2025-11,UK,1.0,EXPLICIT,True,True,,CBH-BLAK-220-3BK,BLAKE Minimalist Handle - Black,Handle,,Missing parts & availability,OPS,"Ordered these handles, they didn’t inform me they were discontinuing them so when a few days later I realised I needed 2 more to complete the kitchen they had none to send me! Not even kept a few for faults replacements "
781740035,19-Nov-2025,2025-11,UK,3.0,EXPLICIT,True,True,,CKN-KOJI-028-1BR-R,KOJI Round Knob - Brass,,,Grip & usability,PRODUCT,"These knobs are really beautiful and they have transformed the look of my kitchen. However, the shape it not really that practical - they are quite hard to get a grip on and so opening my cupboards requires thought about"
778659397,10-Nov-2025,2025-11,UK,3.0,EXPLICIT,True,True,,ASB-FOLD-072-1BR,FOLD Soap Holder - Brass,Soap Bracket,Soap Bracket,Size & dimensions; Value for money,PRODUCT,I ordered this for my little downstairs loo but unfortunately cannot get soap bottles that fit the dimensions so it’s been a waste of money.
777137538,4-Nov-2025,2025-11,US,1.0,EXPLICIT,True,True,,CBP-COHE-060-1AB,COHEN Knob Backplate - Antique Brass,Cabinetry Accessory,Backplate,Unclassified,PRODUCT,Great quality
774439363,28-Oct-2025,2025-10,US,3.0,EXPLICIT,True,True,,CDB-GRAY-476-1AB,GRAYSON Heavyweight Long Handle - Antique Brass,Handle,D Bar,Finish & colour mismatch; Weight & material feel; Value for money,PRODUCT,Didn’t find this to be as good of quality as expected for the price. The backplate is flimsy and the Antique Brass finish looks very manufactured (streaks/uniform lines) rather than authentic. Hoped for more for the pric
774226809,27-Oct-2025,2025-10,US,3.0,EXPLICIT,True,True,,HK-LEVI-80-BK,LEVI Hook - Black,Hook,Double Fixing Hook,Size & dimensions,PRODUCT,Smaller than I expected
773908200,26-Oct-2025,2025-10,UK,1.0,EXPLICIT,True,True,,CTB-KEPL-160-3BK,KEPLER Knurled Handle - Black,Handle,T Bar,Weight & material feel,PRODUCT,"So disappointed with the handles since the material was changed to aluminium they feel so light and cheap compared to before,will never be buying anything again"
773207137,22-Oct-2025,2025-10,UK,3.0,EXPLICIT,True,True,,KTH-CKN-FELI-025-2SS,FELIX Round Hook - Stainless Steel,,,Fixings & screws; Breakage & defect,PRODUCT,"The door hook is beautiful, expect we can’t get the fixture to fit with the provided screw/ plug. It wiggles in the fitting and doesn’t screw tight to the door. I’m sure once we’ve figured out how to sort it, it will be "
767125842,4-Oct-2025,2025-10,UK,1.0,EXPLICIT,True,True,,ACM-CCM-260-2GR,Measurement Tool (CC Hole Measurer),Tools,CC Hole Measurer,Unclassified,PRODUCT,The holes do not seem to synch with anything.
764555814,27-Sep-2025,2025-09,UK,3.0,EXPLICIT,True,True,,CKN-PEBB-038-1AG,PEBBLE Organic Knob - Aged Brass,Knob,Knob,Finish & colour mismatch; Delivery,OPS; PRODUCT,Well packaged and a timely delivery. I love the shape a feel of the handles but they look much brighter and shinier on the website than in real life. I would’ve preferred them if they were brighter.
763413039,25-Sep-2025,2025-09,UK,1.0,EXPLICIT,True,True,,KH-KEPLER-160-AB,KEPLER Knurled T-Bar Handle - Antique Brass,Handle,T Bar,Installation difficulty,PRODUCT,"I’m going to be honest: we love the look of all your products, we’ve probably bought over 40 x dimmer and switcher units but our electricians have had a NIGHTMARE for the last 3 months - in their words because we chose P"
761949797,20-Sep-2025,2025-09,US,1.0,EXPLICIT,True,True,,CDB-BOBB-175-1BR,BOBBIN Handle - Brass,Handle,D Bar,Fixings & screws; Size & dimensions; Value for money; Returns & exchange friction,OPS; PRODUCT,$250 of hardware rendered useless. The screws they came with are too short. Made multiple attempts to find correct screws and install (even by a trim carpenter) and still they won’t fit tight to the cabinet. No return po
761942655,20-Sep-2025,2025-09,UK,3.0,EXPLICIT,False,True,,ADH-HOFF-090-1AB-R,HOFFMAN 90mm Hook - Antique Brass,Hook,Double Fixing Hook,Fixings & screws,PRODUCT,"Screws that come with aren’t pictured, but the ones we received are black and really stand out against the brass hooks. Kind of disappointing given the price"
760604158,18-Sep-2025,2025-09,UK,2.0,EXPLICIT,True,True,,COH-FOLD-160-1BR,FOLD Long Edge Pull Handle - Brass,Handle,Edge Pull,Returns & exchange friction,OPS,Excellent quality; purchased for bathroom cabinets under sink however they protrude too much and would catch clothes/ abdomen area if using the sink so we returned for the minimalist bar option instead. Excellent service
758043259,16-Sep-2025,2025-09,UK,4.0,EXPLICIT,True,True,,KH-WATT-50-BR,WATT Single T Handle - Brass,Handle,Single T,Fixings & screws; Delivery,OPS; PRODUCT,"Gorgeous! Exactly as pictured. Fast delivery. Would of given 5 stars but one screw was missing in one of the boxes, straightforward to replace though if you've got spare screws knocking about your house!  (I originally o"
749466925,26-Aug-2025,2025-08,US,3.0,EXPLICIT,True,True,,KH-FRANKLIN-21-AB,FRANKLIN Knurled Button Knob - Antique Brass,,,Fixings & screws; Size & dimensions,PRODUCT,Its nice but the knob was too largebfor my needs and the screw post was too small. I'm trying to find a replacement knob for a tray that pulls out of thenroo of my night stand. Hard to find a less than half inch knob wit
749339414,26-Aug-2025,2025-08,UK,5.0,LATENT,False,False,,CKN-REVI-025-1AB,REVILL Knurled Knob - Antique Brass,Knob,Knob,Customer service,OPS,"but, ultimately, I chose the double t-pulls for the drawers and returned these knobs without a problem. Plank Hardware offers quality, stylish products and great customer service."
749339406,26-Aug-2025,2025-08,US,5.0,LATENT,False,False,749339414,CKN-REVI-025-1AB,REVILL Knurled Knob - Antique Brass,Knob,Knob,Customer service,OPS,"but, ultimately, I chose the double t-pulls for the drawers and returned these knobs without a problem. Plank Hardware offers quality, stylish products and great customer service."
749338543,26-Aug-2025,2025-08,UK,5.0,LATENT,False,False,749339414,KH-FRANKLIN-21-AB,FRANKLIN Knurled Button Knob - Antique Brass,,,Customer service,OPS,"but, ultimately, I chose the T-pulls for the cabinet doors and returned these knobs without a problem. Plank Hardware offers quality, stylish products and great customer service."
749338540,26-Aug-2025,2025-08,US,5.0,LATENT,False,False,749339414,KH-FRANKLIN-21-AB,FRANKLIN Knurled Button Knob - Antique Brass,,,Customer service,OPS,"but, ultimately, I chose the T-pulls for the cabinet doors and returned these knobs without a problem. Plank Hardware offers quality, stylish products and great customer service."
747805117,25-Aug-2025,2025-08,UK,4.0,LATENT,False,False,,GB-EDP-PARK-02G-2PA-BK,PARKER Paintable Double Plug Socket - Black,Plug Socket,Double Plug Socket,Value for money,PRODUCT,a little on the pricey side. I wish they did paintable surface mount back boxes too!
747738287,25-Aug-2025,2025-08,UK,5.0,LATENT,False,False,,KH-SEARLE-220-BR,SEARLE Swirled T-Bar Handle - Brass,,,Missing parts & availability,OPS,"but ordered. Really nice handle, but ordered as a sample, only to find that when the client loved it it had been discontinued."
777041558,25-Aug-2025,2025-08,US,5.0,LATENT,False,False,747738287,KH-SEARLE-220-BR,SEARLE Swirled T-Bar Handle - Brass,,,Missing parts & availability,OPS,"but ordered. Really nice handle, but ordered as a sample, only to find that when the client loved it it had been discontinued."
745552638,20-Aug-2025,2025-08,UK,2.0,EXPLICIT,True,True,,CDB-BOBB-379-1BR,BOBBIN Closet Bar Handle - Brass,Handle,,Unclassified,PRODUCT,I've never held anything so luxurious in all my life! If you're thinking of ordering these - just do it! 😍
744772636,18-Aug-2025,2025-08,UK,1.0,EXPLICIT,True,True,,GB-KIT-ETOG-KEPL-4G-1AB,KEPLER 4G Two Way Knurled Toggle Light Switch - Antique Brass,Switch & Dimmer,Toggle Switch,Breakage & defect,PRODUCT,"Look nice but poor quality, had to request a new part that broke to be told that it ‘happens all the time’ came needing to be built which I wasn’t expecting at the price they cost"
744772158,18-Aug-2025,2025-08,UK,1.0,EXPLICIT,True,True,744772636,GB-KIT-ETOG-KEPL-2G-1AB,KEPLER 2G Two Way Knurled Toggle Light Switch - Antique Brass,Switch & Dimmer,Toggle Switch,Breakage & defect,PRODUCT,"Look nice but poor quality, had to request a new part that broke to be told that it ‘happens all the time’ came needing to be built which I wasn’t expecting at the price they cost"
744120826,14-Aug-2025,2025-08,UK,5.0,LATENT,False,False,,CBP-ADA-FLOW-050-1BR,ADA Flower Knob Backplate - Brass,Cabinetry Accessory,Backplate,Size & dimensions,PRODUCT,A bit smaller than I. A bit smaller than I expected but perfectly formed and beautifully machined. Looks fab with the antique brass knobs on my understairs cupboard doors.
744477802,14-Aug-2025,2025-08,US,5.0,LATENT,False,False,744120826,CBP-ADA-FLOW-050-1BR,ADA Flower Knob Backplate - Brass,Cabinetry Accessory,Backplate,Size & dimensions,PRODUCT,A bit smaller than I. A bit smaller than I expected but perfectly formed and beautifully machined. Looks fab with the antique brass knobs on my understairs cupboard doors.
727420620,11-Jul-2025,2025-07,UK,4.0,LATENT,False,False,,KH-HALLEY-25-BR,HALLEY Sphere Knob - Brass,,,Size & dimensions; Returns & exchange friction,OPS; PRODUCT,but. It’s lovely and heavy but please note it is very small. We have to return it because it is too small to grasp on upper cabinets. These are more for an occasional use side table.
727420618,11-Jul-2025,2025-07,US,4.0,LATENT,False,False,727420620,KH-HALLEY-25-BR,HALLEY Sphere Knob - Brass,,,Size & dimensions; Returns & exchange friction,OPS; PRODUCT,but. It’s lovely and heavy but please note it is very small. We have to return it because it is too small to grasp on upper cabinets. These are more for an occasional use side table.
712287819,27-May-2025,2025-05,UK,2.0,EXPLICIT,False,True,,ASH-PULL-052-1AB,PULLMAN Hook - Antique Brass,Hook,Single Fixing Hook,Fixings & screws; Breakage & defect,PRODUCT,"Lovely hooks visually, however I am questioning the quality as one didn’t screw in- could just be pulled off. Another screw broke inside the wood whilst putting it on- no fault of our own."
711543110,23-May-2025,2025-05,UK,3.0,EXPLICIT,False,True,,HK-LEVI-80-BR,LEVI Hook - Brass,Hook,Double Fixing Hook,Fixings & screws; Breakage & defect,PRODUCT,"The hooks themselves are great, but the provided fittings were awful with screw heads that stripped with very little force. Ended up having to replace them with our own, which was disappointing given the cost."
705522494,7-May-2025,2025-05,UK,1.0,EXPLICIT,False,True,,GB-KIT-MODE-DIM-KN-1BR,KEPLER Auto Detect Dimmer Detail with Module - Brass,Electric Component,Detail & Module,Delivery; Customer service,OPS,"Lovely products, good quality and look beautiful. Prompt delivery and very good, supportive customer service. Thoroughly recommend this product and Plank overall"
703850370,2-May-2025,2025-05,UK,4.0,EXPLICIT,False,True,,KH-KEPLER-57-BR,KEPLER Knurled Single T Handle - Brass,Handle,Single T,Fixings & screws,PRODUCT,"Similar to the larger handles, really excellent product that looks and feels great. Small issue of the slight twisting they too over time since it’s just one screw holding them in."
701897580,25-Apr-2025,2025-04,UK,1.0,EXPLICIT,False,True,,KH-KEPLER-160-BR,KEPLER Knurled T-Bar Handle - Brass,Handle,T Bar,Unclassified,PRODUCT,Stop sending me spam emails
699293040,15-Apr-2025,2025-04,UK,2.0,EXPLICIT,False,True,,GB-KIT-EDIM-MAXW-2G-1AB,MAXWELL 2G Smooth Dimmer Light Switch - Antique Brass,Switch & Dimmer,Dimmer Switch,Unclassified,PRODUCT,The faceplates look good but there is a significant lag of a couple of seconds before lights actually turnoff plus they don’t seem to sit flush against the wall.
699293030,15-Apr-2025,2025-04,UK,2.0,EXPLICIT,False,True,699293040,GB-KIT-EDIM-MAXW-3G-1AB,MAXWELL 3G Smooth Dimmer Light Switch - Antique Brass,Switch & Dimmer,Dimmer Switch,Unclassified,PRODUCT,The faceplates look good but there is a significant lag of a couple of seconds before lights actually turnoff plus they don’t seem to sit flush against the wall.
699292972,15-Apr-2025,2025-04,UK,2.0,EXPLICIT,False,True,699293040,GB-KIT-EDIM-MAXW-1G-1AB,MAXWELL 1G Smooth Dimmer Light Switch - Antique Brass,Switch & Dimmer,Dimmer Switch,Unclassified,PRODUCT,The faceplates look good but there is a significant lag of a second or two before lights actually turn on/ooff plus they don’t seem to sit flush against the wall.
699250800,15-Apr-2025,2025-04,UK,2.0,EXPLICIT,False,False,,GB-KIT-ETOG-KEPL-1G-1BR,KEPLER 1G Knurled Toggle Light Switch - Brass,Switch & Dimmer,Toggle Switch,Unclassified,PRODUCT,"I had to return these, quality wasnt whatbi expexted and, the fact that i have to assemble myself makes installation inpractical"
699250396,15-Apr-2025,2025-04,UK,2.0,EXPLICIT,False,False,699250800,GB-KIT-EDIM-KEPL-1G-1BR,KEPLER 1G Knurled Dimmer Light Switch - Brass,Switch & Dimmer,Dimmer Switch,Unclassified,PRODUCT,"I had to return these, quality wasnt whatbi expexted and, the fact that i have to assemble myself makes installation inpractical"
698586175,12-Apr-2025,2025-04,UK,1.0,EXPLICIT,True,True,,CKN-GRAY-036-1AB,GRAYSON Knob - Antique Brass,Knob,Knob,Unclassified,PRODUCT,Pretty and sturdy knobs! Just right for my home
695115852,2-Apr-2025,2025-04,UK,5.0,LATENT,False,False,,KH-KEPLER-160-BR,KEPLER Knurled T-Bar Handle - Brass,Handle,T Bar,Value for money,PRODUCT,"Although this was the more expensive option you could tell the quality was worlds ahead so we ordered these. The weight was heavy , the knurling was precise and the colour looked great and not cheap like others."
695116723,2-Apr-2025,2025-04,US,5.0,LATENT,False,False,695115852,KH-KEPLER-160-BR,KEPLER Knurled T-Bar Handle - Brass,Handle,T Bar,Value for money,PRODUCT,"Although this was the more expensive option you could tell the quality was worlds ahead so we ordered these. The weight was heavy , the knurling was precise and the colour looked great and not cheap like others."
694590882,1-Apr-2025,2025-04,US,4.0,EXPLICIT,True,True,,ADH-HOFF-090-3BK-R,HOFFMAN 90mm Hook - Black,Hook,Double Fixing Hook,Fixings & screws; Breakage & defect,PRODUCT,"Great hooks. Stylish, strong, perfect size for our use.   But the screws provided where complete crap, It took me an hour to dig and plier the 3 snapped screw stems out of my otherwise perfect new mudroom bench, then a d"
808053374,28-Mar-2025,2025-03,UK,3.0,EXPLICIT,False,False,,CKN-KEPL-031-1AB,KEPLER Knurled Knob - Antique Brass,Knob,Knob,Unclassified,PRODUCT,"High quality, modern look. 100% no regrets"
693954346,28-Mar-2025,2025-03,US,3.0,EXPLICIT,False,False,808053374,CKN-KEPL-031-1AB,KEPLER Knurled Knob - Antique Brass,Knob,Knob,Unclassified,PRODUCT,"High quality, modern look. 100% no regrets"
692301144,25-Mar-2025,2025-03,UK,1.0,EXPLICIT,False,False,,CDB-BOBB-379-1BR,BOBBIN Closet Bar Handle - Brass,Handle,,Unclassified,PRODUCT,These look and feel great. Make sure to measure the holes for each handle individually because there was some variation between each of them. I had a small issue and Plank went above and beyond to help me out. I would de
692301142,25-Mar-2025,2025-03,US,1.0,EXPLICIT,False,False,692301144,CDB-BOBB-379-1BR,BOBBIN Closet Bar Handle - Brass,Handle,,Unclassified,PRODUCT,These look and feel great. Make sure to measure the holes for each handle individually because there was some variation between each of them. I had a small issue and Plank went above and beyond to help me out. I would de
691422225,22-Mar-2025,2025-03,UK,3.0,EXPLICIT,True,True,,CKN-PEBB-038-1AG,PEBBLE Organic Knob - Aged Brass,Knob,Knob,Unclassified,PRODUCT,Not the same colour as the photo. Comes speckled with dark flecks which make it look dirty. The Plank team say this is as they expect sadly. The photos online are misleading. Beware.
687738661,11-Mar-2025,2025-03,UK,3.0,EXPLICIT,False,False,,KTH-CKN-PEBB-038-1BK,PEBBLE Organic Hook - Black,,,Unclassified,PRODUCT,Deceptively small but of good quality.
686897735,7-Mar-2025,2025-03,UK,1.0,EXPLICIT,False,False,,KH-KEPLER-160-AB,KEPLER Knurled T-Bar Handle - Antique Brass,Handle,T Bar,Delivery,OPS,"Awesome product, quick delivery, very well packaged."
686897734,7-Mar-2025,2025-03,US,1.0,EXPLICIT,False,False,686897735,KH-KEPLER-160-AB,KEPLER Knurled T-Bar Handle - Antique Brass,Handle,T Bar,Delivery,OPS,"Awesome product, quick delivery, very well packaged."
686876337,7-Mar-2025,2025-03,UK,1.0,EXPLICIT,False,False,,KH-FRANKLIN-21-AB,FRANKLIN Knurled Button Knob - Antique Brass,,,Unclassified,PRODUCT,"these are elegant, understated and functional knobs - also different! everybody loves them.  I'm so glad we found this company."
686876335,7-Mar-2025,2025-03,US,1.0,EXPLICIT,False,False,686876337,KH-FRANKLIN-21-AB,FRANKLIN Knurled Button Knob - Antique Brass,,,Unclassified,PRODUCT,"these are elegant, understated and functional knobs - also different! everybody loves them.  I'm so glad we found this company."
685731704,4-Mar-2025,2025-03,UK,3.0,EXPLICIT,False,False,,CDB-BOBB-379-1BR,BOBBIN Closet Bar Handle - Brass,Handle,,Fixings & screws; Installation difficulty; Value for money,PRODUCT,I think these are very overpriced for what you are getting also the screws provided aren’t long enough I also feel that for such an expensive item it should come with a backing plate as standard
685169578,3-Mar-2025,2025-03,UK,2.0,EXPLICIT,False,False,,CTB-WATT-155-1AB,WATT T-Bar Handle - Antique Brass,Handle,T Bar,Fixings & screws,PRODUCT,Handle is really good but the screws supplied by default with the product are really short and don’t suit doors that are 1 inch thick
685169549,3-Mar-2025,2025-03,UK,2.0,EXPLICIT,False,False,685169578,CST-WATT-050-1AB,WATT Single T Handle - Antique Brass,Handle,Single T,Fixings & screws,PRODUCT,Handle is really good but the screws supplied by default with the product are really short and don’t suit doors that are 1 inch thick
683771045,28-Feb-2025,2025-02,UK,5.0,LATENT,False,False,,GB-KIT-ETOG-MAXW-2G-1AB,MAXWELL 2G Two Way Smooth Toggle Light Switch - Antique Brass,Switch & Dimmer,Toggle Switch,Fixings & screws; Returns & exchange friction; Customer service,OPS; PRODUCT,"but I had opened the packaging and the packet for the screws was totally ripped. Plank let me return them, no fuss at all, and we are over the moon with the ones we eventually ordered.  Great customer service. Great qual"
683092712,27-Feb-2025,2025-02,UK,3.0,EXPLICIT,True,True,,ASB-FOLD-072-1BR,FOLD Soap Holder - Brass,Soap Bracket,Soap Bracket,Unclassified,PRODUCT,"Well, very attractive to look at but am yet to find a liquid soap that fits the hole"
682059304,24-Feb-2025,2025-02,UK,4.0,EXPLICIT,True,True,687738661,KTH-KH-LOVELL-28-BK,LOVELL Circular Hook - Black,,,Finish & colour mismatch; Size & dimensions; Delivery,OPS; PRODUCT,"Excellent quality with everything needed included. Delivery great. Although adequate, hooks look much larger on the website than they actually are, although dimensions given I am sure it means nothing to most customers. "
681811450,23-Feb-2025,2025-02,UK,4.0,EXPLICIT,True,True,,CDB-BOBB-379-1AB,BOBBIN Closet Bar Handle - Antique Brass,Handle,,Fixings & screws,PRODUCT,"I love the bar handles, my only criticism would be to also include longer screws as an option. I would have thought most users would need these to attach through the full depth of a door."
680568225,19-Feb-2025,2025-02,UK,1.0,EXPLICIT,False,False,,KH-FRANKLIN-21-AB,FRANKLIN Knurled Button Knob - Antique Brass,,,Delivery,OPS,It took so long for the product to come to me. I gave up and went with another product from another vendor. Slow shipping time!
680568209,19-Feb-2025,2025-02,US,1.0,EXPLICIT,False,False,680568225,KH-FRANKLIN-21-AB,FRANKLIN Knurled Button Knob - Antique Brass,,,Delivery,OPS,It took so long for the product to come to me. I gave up and went with another product from another vendor. Slow shipping time!
673287620,26-Jan-2025,2025-01,UK,3.0,EXPLICIT,False,False,,KH-BLAKE-150-BR,BLAKE Handle - Brass,Handle,Solid Bar,Unclassified,PRODUCT,Well made but Not enough grip for old hands
665267048,4-Jan-2025,2025-01,UK,1.0,EXPLICIT,False,True,,TAPSET-CRA-SM-BR,ARMSTRONG Smooth Kitchen Mixer Tap - Brass,Unmapped SKU,,Unclassified,PRODUCT,"Overall this tap is fine. My issue is with the modulation of temperature, it’s either very hot or very cold. Finding a warm middle ground is very difficult. There doesn’t seem to be a spectrum from hot to cold it’s just "
664978693,16-Aug-2024,2024-08,UK,5.0,LATENT,False,False,,KTH-KH-LOVELL-28-BK,LOVELL Circular Hook - Black,,,Size & dimensions,PRODUCT,a bit too long but easy to cut down.
675065880,16-Aug-2024,2024-08,US,5.0,LATENT,False,False,664978693,KTH-KH-LOVELL-28-BK,LOVELL Circular Hook - Black,,,Size & dimensions,PRODUCT,a bit too long but easy to cut down.
675070662,21-Jul-2024,2024-07,US,5.0,EXPLICIT,False,True,,KH-SCOTT-100-BR,SCOTT Swirled Handle - Brass,Handle,L Bar,Fixings & screws,PRODUCT,Lovely looking product. Feels great. Template for drilling holes would be really useful as it's not always easy to line up the drill holes. Sometimes find I'm drilling bigger holes to allow for screw movement to find the
664978782,15-Jul-2024,2024-07,UK,3.0,EXPLICIT,False,False,,TAPSET-SWA-SM-SS,PORTMAN Smooth Kitchen Mixer Tap - Brushed Silver,Unmapped SKU,,Finish & colour mismatch,PRODUCT,Sadly has a goldish tint which is disappointing
675064794,12-Apr-2024,2024-04,US,5.0,EXPLICIT,False,True,,XMS-00M4-016-2SS,M4 Screws - Mixed Sizes,Components,,Fixings & screws,PRODUCT,Not much you can say about a screw!
664950069,21-Mar-2024,2024-03,UK,1.0,EXPLICIT,False,False,,KH-KEPLER-160-AB,KEPLER Knurled T-Bar Handle - Antique Brass,Handle,T Bar,Unclassified,PRODUCT,Has not arrived
664978550,27-Jan-2024,2024-01,UK,5.0,LATENT,False,False,,ADH-HOFF-090-1AB-R,HOFFMAN 90mm Hook - Antique Brass,Hook,Double Fixing Hook,Fixings & screws; Value for money,PRODUCT,but perfect for. Little pricey but perfect for what I wanted in remodeled master bathroom. Wish the screws were same color as hook though. Looks great. Will paint screw head.
688241710,27-Jan-2024,2024-01,US,5.0,EXPLICIT,False,True,664978550,ADH-HOFF-090-1AB-R,HOFFMAN 90mm Hook - Antique Brass,Hook,Double Fixing Hook,Fixings & screws; Value for money,PRODUCT,Little pricey but perfect for what I wanted in remodeled master bathroom. Wish the screws were same color as hook though. Looks great. Will paint screw head.
664978445,22-Jan-2024,2024-01,UK,3.0,EXPLICIT,False,False,,ADH-HOFF-090-3BK-R,HOFFMAN 90mm Hook - Black,Hook,Double Fixing Hook,Unclassified,PRODUCT,Great quality product.
664950041,16-Dec-2023,2023-12,UK,2.0,EXPLICIT,False,False,,KH-KEPLER-57-BR,KEPLER Knurled Single T Handle - Brass,Handle,Single T,Unclassified,PRODUCT,hard to clean when oxydise :/
664950041,16-Dec-2023,2023-12,UK,2.0,EXPLICIT,False,False,664950041,KH-KEPLER-57-BR,KEPLER Knurled Single T Handle - Brass,Handle,Single T,Unclassified,PRODUCT,hard to clean when oxydise :/
664950061,16-Dec-2023,2023-12,UK,2.0,EXPLICIT,False,False,664950041,KH-KEPLER-160-BR,KEPLER Knurled T-Bar Handle - Brass,Handle,T Bar,Unclassified,PRODUCT,I liked it at first but then oxidised quite a bit so not so much atm :/
664978733,4-Dec-2023,2023-12,UK,3.0,EXPLICIT,False,False,,ADH-SPRA-076-1AB,SPRATT Winged Hook - Antique Brass,Hook,,Unclassified,PRODUCT,"This product is for tea towels or a single small coat, this is not a traditional coat hook despite the design/looks. Please make a bigger version!"
675048515,4-Dec-2023,2023-12,US,3.0,EXPLICIT,False,False,664978733,ADH-SPRA-076-1AB,SPRATT Winged Hook - Antique Brass,Hook,,Unclassified,PRODUCT,"This product is for tea towels or a single small coat, this is not a traditional coat hook despite the design/looks. Please make a bigger version!"
664978500,2-Nov-2023,2023-11,UK,4.0,LATENT,False,False,,KH-MERCURY-60-BR,MERCURY Curved Lip Pull Handle - Brass,,,Value for money,PRODUCT,but. These handles are nice but they are definitely overpriced for what they are.
675081321,2-Nov-2023,2023-11,US,4.0,LATENT,False,False,664978500,KH-MERCURY-60-BR,MERCURY Curved Lip Pull Handle - Brass,,,Value for money,PRODUCT,but. These handles are nice but they are definitely overpriced for what they are.
664978519,22-Oct-2023,2023-10,UK,5.0,LATENT,False,False,,ADH-HOFF-090-3BK-R,HOFFMAN 90mm Hook - Black,Hook,Double Fixing Hook,Size & dimensions; Returns & exchange friction,OPS; PRODUCT,Unfortunately we returned them as they were too small.
664978268,29-Sep-2023,2023-09,UK,5.0,LATENT,False,False,,XMS-00M4-016-2SS,M4 Screws - Mixed Sizes,Components,,Fixings & screws,PRODUCT,"however, to discover that the screw head had a single slot. I had to dig for a bit to find an appropriate screwdriver."
675064305,29-Sep-2023,2023-09,US,5.0,EXPLICIT,False,True,664978268,XMS-00M4-016-2SS,M4 Screws - Mixed Sizes,Components,,Fixings & screws,PRODUCT,"The brass screws were the perfect length for my application. I was very surprised, however, to discover that the screw head had a single slot. I had to dig for a bit to find an appropriate screwdriver."
664978225,28-Sep-2023,2023-09,UK,3.0,EXPLICIT,False,False,,KH-BLAKE-150-BR,BLAKE Handle - Brass,Handle,Solid Bar,Value for money,PRODUCT,For the price paid I wouldn’t expect defects
675076136,28-Sep-2023,2023-09,US,3.0,EXPLICIT,False,False,664978225,KH-BLAKE-150-BR,BLAKE Handle - Brass,Handle,Solid Bar,Value for money,PRODUCT,For the price paid I wouldn’t expect defects
675070164,22-Sep-2023,2023-09,US,5.0,EXPLICIT,False,True,,KH-SCOTT-100-AL-BK,SCOTT Swirled Handle - Black,,,Fixings & screws,PRODUCT,Screws can easily strip out if tighten too tight resulting in unusable hardware. I am curious to see how they hold up and if they loosen over time.
664950124,1-Sep-2023,2023-09,UK,1.0,EXPLICIT,False,False,,KH-LENNON-25-AL-BK,LENNON Grooved Button Knob - Black,,,Returns & exchange friction,OPS,Do not buy no thing from them it going to cost more if you wanna return it the worst company I ever try
664978552,27-Aug-2023,2023-08,UK,5.0,LATENT,False,False,,TAPSET-CRA-SW-AB,ARMSTRONG Swirled Kitchen Mixer Tap - Antique Brass,Unmapped SKU,,Missing parts & availability; Delivery; Finish & colour mismatch,OPS; PRODUCT,"but then we spotted this and we really liked the stylish look of it and liked the antique brass finish. By the time we needed it, it was out of stock but it was soon restocked.   When it first arrived we were concerned t"
664978408,16-Jan-2023,2023-01,UK,5.0,LATENT,False,False,,KH-TURING-29-BR,TURING Hexagon Knob - Brass,,,Size & dimensions,PRODUCT,slightly too long for my purpose so I found some shorter ones I had at home.
675079889,16-Jan-2023,2023-01,US,5.0,LATENT,False,False,664978408,KH-TURING-29-BR,TURING Hexagon Knob - Brass,,,Size & dimensions,PRODUCT,slightly too long for my purpose so I found some shorter ones I had at home.
675052354,15-Jan-2023,2023-01,US,5.0,EXPLICIT,False,True,,KTH-KH-BEZEL-32-SS,BEZEL Grooved Hook - Stainless Steel,,,Fixings & screws,PRODUCT,The hook comes with an attachment that is part screw (to fix into your wall) and part threaded bolt (that goes into the hook itself). The hook itself is beautifully tooled to the highest quality.
664978428,17-Dec-2022,2022-12,UK,3.0,EXPLICIT,False,False,,ADH-HOFF-090-3BK-R,HOFFMAN 90mm Hook - Black,Hook,Double Fixing Hook,Value for money,PRODUCT,Nice hooks but a bit overpriced as they are quite small and I've needed to get some more to hold more coats than these could.
664950162,15-Dec-2022,2022-12,UK,2.0,EXPLICIT,False,False,,DL-MORRISON-150-BR,MORRISON Knurled Door Lever Handle - Brass,,,Fixings & screws,PRODUCT,Doesn't work with a bathroom lock mechanism as the connecting bolts need to pass through and be connected
664978117,14-Jan-2022,2022-01,UK,4.0,LATENT,False,False,,ADH-HOFF-090-1BR-R,HOFFMAN 90mm Hook - Brass,Hook,Double Fixing Hook,Size & dimensions,PRODUCT,Slightly smaller than expected but that's on my part.
664978339,29-Dec-2021,2021-12,UK,5.0,LATENT,False,False,,CTB-WATT-155-1AB,WATT T-Bar Handle - Antique Brass,Handle,T Bar,Value for money,PRODUCT,but they are of a very good quality and cheaper than other more expensive ones on the market.
675049364,29-Dec-2021,2021-12,US,5.0,LATENT,False,False,664978339,CTB-WATT-155-1AB,WATT T-Bar Handle - Antique Brass,Handle,T Bar,Value for money,PRODUCT,but they are of a very good quality and cheaper than other more expensive ones on the market.
675079612,10-Dec-2021,2021-12,US,5.0,EXPLICIT,False,True,,KH-KEPLER-57-BR,KEPLER Knurled Single T Handle - Brass,Handle,Single T,Fixings & screws,PRODUCT,"Great product!!... just check the length of the screw matches the thickness of your door panels as you may need to change to a longer threaded rod, or recess the back of the door to screw the provided rod into the handle"
664978248,19-Nov-2021,2021-11,UK,5.0,LATENT,False,False,,KH-KEPLER-160-BR,KEPLER Knurled T-Bar Handle - Brass,Handle,T Bar,Value for money,PRODUCT,a bit pricey
675041415,19-Nov-2021,2021-11,US,5.0,LATENT,False,False,664978248,KH-KEPLER-160-BR,KEPLER Knurled T-Bar Handle - Brass,Handle,T Bar,Value for money,PRODUCT,a bit pricey
664978043,22-Sep-2021,2021-09,UK,5.0,LATENT,False,False,,CTB-KEPL-760-2BK-R,KEPLER Heavyweight Closet Bar Handle - Black,Handle,,Value for money,PRODUCT,but with a satisfying. Expensive but with a satisfying heft and a very high quality finish.
691880383,22-Sep-2021,2021-09,US,5.0,LATENT,False,False,664978043,CTB-KEPL-760-2BK-R,KEPLER Heavyweight Closet Bar Handle - Black,Handle,,Value for money,PRODUCT,but with a satisfying. Expensive but with a satisfying heft and a very high quality finish.
664978250,10-Sep-2021,2021-09,UK,3.0,EXPLICIT,False,False,,HK-PULLMAN-52-AL-BK,PULLMAN Hook - Black,Hook,Single Fixing Hook,Fixings & screws,PRODUCT,Good quality product but raw plug inadequate. Had to go and buy something more substantial from a hardware store.
675042325,10-Sep-2021,2021-09,US,3.0,EXPLICIT,False,False,664978250,HK-PULLMAN-52-AL-BK,PULLMAN Hook - Black,Hook,Single Fixing Hook,Fixings & screws,PRODUCT,Good quality product but raw plug inadequate. Had to go and buy something more substantial from a hardware store.
664978081,3-Sep-2021,2021-09,UK,5.0,LATENT,False,False,,KH-MERCURY-60-BR,MERCURY Curved Lip Pull Handle - Brass,,,Size & dimensions,PRODUCT,slightly smaller product (dimension for depth and height) would be even nicer.
675080886,3-Sep-2021,2021-09,US,5.0,LATENT,False,False,664978081,KH-MERCURY-60-BR,MERCURY Curved Lip Pull Handle - Brass,,,Size & dimensions,PRODUCT,slightly smaller product (dimension for depth and height) would be even nicer.
664978150,6-May-2021,2021-05,UK,5.0,LATENT,False,False,,KH-MAXWELL-25-BR,MAXWELL Button Knob - Brass,,,Value for money,PRODUCT,"slightly. The product was great, slightly expensive I think but the quality is good enough to justify that"
675063426,6-May-2021,2021-05,US,5.0,LATENT,False,False,664978150,KH-MAXWELL-25-BR,MAXWELL Button Knob - Brass,,,Value for money,PRODUCT,"slightly. The product was great, slightly expensive I think but the quality is good enough to justify that"
664978080,3-Apr-2021,2021-04,UK,4.0,LATENT,False,False,,KH-KEPLER-160-BR,KEPLER Knurled T-Bar Handle - Brass,Handle,T Bar,Value for money,PRODUCT,"but expensive. Great product, but expensive"
675041359,3-Apr-2021,2021-04,US,4.0,LATENT,False,False,664978080,KH-KEPLER-160-BR,KEPLER Knurled T-Bar Handle - Brass,Handle,T Bar,Value for money,PRODUCT,"but expensive. Great product, but expensive"
675041359,3-Apr-2021,2021-04,US,4.0,LATENT,False,False,664978080,KH-KEPLER-160-BR,KEPLER Knurled T-Bar Handle - Brass,Handle,T Bar,Value for money,PRODUCT,"but expensive. Great product, but expensive"
