sku,product,category,theme,owner,explicit,latent,total,syndicated_copies,examples
HK-LEVI-80-BK,LEVI Hook - Black,Hook,Fixings & screws,PRODUCT,2,0,2,0,"These hooks are perfect for our home’s midcentury look! We are using in our entry as coat hooks and they are well made, heavy and so sleek. Easy to install and come with necessary screws. So happy with the quality and th || Quality of the handels is good, however the scews supplied are really soft and rounded off. A plasterboard screw is too thick to pass through the hole, so i had to redrill the pre drilled holes to increase the diameter"
ASH-PULL-052-1AB,PULLMAN Hook - Antique Brass,Hook,Finish & colour mismatch,PRODUCT,1,0,1,0,"Nothing like the colour it shows in the picture , good quality but just not the thing, it’s nearly black"
CLB-KEPL-100-1AB,KEPLER Knurled L-Bar Handle - Antique Brass,Handle,Returns & exchange friction,OPS,1,0,1,0,"Absolutely great product just very slow to exchange, wish I had returned for a refund and ordered the new handles to save time."
ADH-LEVI-080-1AB,LEVI Hook - Antique Brass,Hook,Fixings & screws,PRODUCT,1,0,1,0,Sorry but the screws sent will not hold this hook in a plaster wall. It is too heave for them.
ADH-HOFF-150-1BR,HOFFMAN 150mm Hook - Brass,Hook,Fixings & screws,PRODUCT,1,0,1,0,"These brass hooks feature sleek, clean lines and are significantly weighted. The included brass screws and anchors make installing them easy."
CDB-BOBB-175-1BG,BOBBIN Handle - Burgundy,Handle,Coating & durability,PRODUCT,1,0,1,0,"Chipped and visible gold underneath, clearly just sprayed burgundy that chips off"
GB-KIT-ETOG-MAXW-2G-1AB,MAXWELL 2G Two Way Smooth Toggle Light Switch - Antique Brass,Switch & Dimmer,Installation difficulty,PRODUCT,1,0,1,0,"Looks great, good quality and adds finishing touches to the room with the brushed brass sockets from Plank. It’s a tight fit in a 25mm box and I didn’t quite understand diagram 6 in instructions but got there in the end "
GB-KIT-ETOG-MAXW-2G-1AB,MAXWELL 2G Two Way Smooth Toggle Light Switch - Antique Brass,Switch & Dimmer,Coating & durability,PRODUCT,1,0,1,0,The plate was scratched and I had to order a new one
GB-KIT-EDIM-KEPL-1G-1AB,KEPLER 1G Knurled Dimmer Light Switch - Antique Brass,Switch & Dimmer,Grip & usability,PRODUCT,1,0,1,0,"Looks good, quality is fine  Installation is fiddly, the sticky pad which clips the module to the frame is not strong enough and constantly pops off during install. The plastic lugs of the connecting plastic piece are aw"
GB-KIT-EDIM-KEPL-1G-1AB,KEPLER 1G Knurled Dimmer Light Switch - Antique Brass,Switch & Dimmer,Installation difficulty,PRODUCT,1,0,1,0,"Looks good, quality is fine  Installation is fiddly, the sticky pad which clips the module to the frame is not strong enough and constantly pops off during install. The plastic lugs of the connecting plastic piece are aw"
GB-KIT-EDIM-KEPL-4G-1AB,KEPLER 4G Knurled Dimmer Light Switch - Antique Brass,Switch & Dimmer,Grip & usability,PRODUCT,1,0,1,1,"Looks the part but fitting is fiddly, the sticky pads which the control modules attach to are not strong enough   The unit looks good but really not keen on the quality of the clip in sticky back piece which is awkward t"
GB-KIT-EDIM-KEPL-4G-1AB,KEPLER 4G Knurled Dimmer Light Switch - Antique Brass,Switch & Dimmer,Installation difficulty,PRODUCT,1,0,1,1,"Looks the part but fitting is fiddly, the sticky pads which the control modules attach to are not strong enough   The unit looks good but really not keen on the quality of the clip in sticky back piece which is awkward t"
CDB-GRAY-111-1AG,GRAYSON Handle - Aged Brass,Handle,Unclassified,PRODUCT,1,0,1,0,We did not receive a packing list or any tagging on the order.
KTH-KH-REVILL-25-BR,REVILL Knurled Hook - Brass,Hook,Fixings & screws,PRODUCT,1,0,1,0,"The brass knob itself feels nice, the knurling is satisfying and the product feels weighty. Unfortunately, it is not suitable for its intended purpose - it is designed as a hook, but the screw fitting supplied that is co"
KTH-KH-REVILL-25-BR,REVILL Knurled Hook - Brass,Hook,Grip & usability,PRODUCT,1,0,1,0,"The brass knob itself feels nice, the knurling is satisfying and the product feels weighty. Unfortunately, it is not suitable for its intended purpose - it is designed as a hook, but the screw fitting supplied that is co"
KTH-KH-REVILL-25-BR,REVILL Knurled Hook - Brass,Hook,Weight & material feel,PRODUCT,1,0,1,0,"The brass knob itself feels nice, the knurling is satisfying and the product feels weighty. Unfortunately, it is not suitable for its intended purpose - it is designed as a hook, but the screw fitting supplied that is co"
ASH-PULL-052-1AB,PULLMAN Hook - Antique Brass,Hook,Fixings & screws,PRODUCT,1,0,1,0,"Looks good, easy to fit, mounting pieces are a bit small for something that would be truly load bearing but it's decorative in our case so no issues."
CBH-BLAK-150-1AB,BLAKE Handle - Antique Brass,Handle,Size & dimensions,PRODUCT,1,0,1,0,Beautiful but comically difficult to hold if you are to use it as intended as a drawer pull. It’s not deep enough to have any sort of grip so you end up almost having to pinch it to open the drawer.
CBH-BLAK-150-1AB,BLAKE Handle - Antique Brass,Handle,Grip & usability,PRODUCT,1,0,1,0,Beautiful but comically difficult to hold if you are to use it as intended as a drawer pull. It’s not deep enough to have any sort of grip so you end up almost having to pinch it to open the drawer.
CST-SQUI-060-1PN,SQUIGGLE Single T Handle - Polished Nickel,Handle,Breakage & defect,PRODUCT,1,0,1,0,Awful! Snapped clean off when tightened!
CST-SQUI-060-1BR,SQUIGGLE Single T Handle - Brass,Handle,Breakage & defect,PRODUCT,1,0,1,1,Awful! Snapped during tightening! What a waste of money!
CST-SQUI-060-1BR,SQUIGGLE Single T Handle - Brass,Handle,Value for money,PRODUCT,1,0,1,1,Awful! Snapped during tightening! What a waste of money!
KH-KEPLER-160-BR,KEPLER Knurled T-Bar Handle - Brass,Handle,Fixings & screws,PRODUCT,1,0,1,0,These were worth it! We knew we wanted to knurled hardware because we wanted its texture and feel. It was tough finding a knurled handle in the right soft style but so glad we splurged and took a chance with Plank. Reall
KH-BECKER-170-BR,BECKER Grooved Handle - Brass,Handle,Unclassified,PRODUCT,1,0,1,0,I am very impressed with the Plank cabinet pulls I ordered for my new custom built-in closet.   They feel weighty and solid in hand. The quality is apparent.
GB-LCL-MARI-028-7BR,MARIN Glass Pendant Light - Brass,Fixed Lighting,Finish & colour mismatch,PRODUCT,1,0,1,0,"My only issue with this pendant is that the bulb bought from plank seems to leave an orange tint on the bottom of the glass, making it look like something is trapped inside the glass itself.  Other than that, it looks ni"
GB-KIT-ETOG-MAXW-1G-1AB,MAXWELL 1G Smooth Toggle Light Switch - Antique Brass,Switch & Dimmer,Installation difficulty,PRODUCT,1,0,1,0,The product finish and feel is very good. The system for the wires and how it holds into the backing plate is poor.
GB-KIT-ETOG-KEPL-2G-1AB,KEPLER 2G Two Way Knurled Toggle Light Switch - Antique Brass,Switch & Dimmer,Missing parts & availability,OPS,1,0,1,0,"Awful, no one answers emails or telephone calls, delivery missing parts of the order."
GB-KIT-ETOG-KEPL-2G-1AB,KEPLER 2G Two Way Knurled Toggle Light Switch - Antique Brass,Switch & Dimmer,Delivery,OPS,1,0,1,0,"Awful, no one answers emails or telephone calls, delivery missing parts of the order."
GB-KIT-ETOG-KEPL-2G-1AB,KEPLER 2G Two Way Knurled Toggle Light Switch - Antique Brass,Switch & Dimmer,Customer service,OPS,1,0,1,0,"Awful, no one answers emails or telephone calls, delivery missing parts of the order."
US-LCL-MARI-028-7BR,MARIN Glass Pendant Light - Brass,Fixed Lighting,Value for money,PRODUCT,1,0,1,0,"Great lights for the price! I really like the look, but unfortunately, they hang crooked and I can't seem to get them straight. That is my only major issue. I'm open to suggestions on how to fix this and would gladly imp"
CBP-COHE-156-1AB,COHEN Handle Backplate - Antique Brass,Cabinetry Accessory,Delivery,OPS,1,0,1,0,"HORRIBLE. THEY NEVER SHIPPED MY ORDER AND WHEN I SENT AN EMAIL TO CUSTOMER SERVICE, THEY NEVER RESPONDED"
CBP-COHE-156-1AB,COHEN Handle Backplate - Antique Brass,Cabinetry Accessory,Customer service,OPS,1,0,1,0,"HORRIBLE. THEY NEVER SHIPPED MY ORDER AND WHEN I SENT AN EMAIL TO CUSTOMER SERVICE, THEY NEVER RESPONDED"
CDB-GRAY-111-1BR,GRAYSON Handle  - Brass,Handle,Delivery,OPS,1,0,1,0,Happy with the handles but paid for express delivery which then took a week.
CBH-BLAK-220-3BK,BLAKE Minimalist Handle - Black,,Missing parts & availability,OPS,1,0,1,0,"Ordered these handles, they didn’t inform me they were discontinuing them so when a few days later I realised I needed 2 more to complete the kitchen they had none to send me! Not even kept a few for faults replacements "
CKN-KOJI-028-1BR-R,KOJI Round Knob - Brass,,Grip & usability,PRODUCT,1,0,1,0,"These knobs are really beautiful and they have transformed the look of my kitchen. However, the shape it not really that practical - they are quite hard to get a grip on and so opening my cupboards requires thought about"
ASB-FOLD-072-1BR,FOLD Soap Holder - Brass,Soap Bracket,Size & dimensions,PRODUCT,1,0,1,0,I ordered this for my little downstairs loo but unfortunately cannot get soap bottles that fit the dimensions so it’s been a waste of money.
ASB-FOLD-072-1BR,FOLD Soap Holder - Brass,Soap Bracket,Value for money,PRODUCT,1,0,1,0,I ordered this for my little downstairs loo but unfortunately cannot get soap bottles that fit the dimensions so it’s been a waste of money.
CBP-COHE-060-1AB,COHEN Knob Backplate - Antique Brass,Cabinetry Accessory,Unclassified,PRODUCT,1,0,1,0,Great quality
CDB-GRAY-476-1AB,GRAYSON Heavyweight Long Handle - Antique Brass,Handle,Finish & colour mismatch,PRODUCT,1,0,1,0,Didn’t find this to be as good of quality as expected for the price. The backplate is flimsy and the Antique Brass finish looks very manufactured (streaks/uniform lines) rather than authentic. Hoped for more for the pric
CDB-GRAY-476-1AB,GRAYSON Heavyweight Long Handle - Antique Brass,Handle,Weight & material feel,PRODUCT,1,0,1,0,Didn’t find this to be as good of quality as expected for the price. The backplate is flimsy and the Antique Brass finish looks very manufactured (streaks/uniform lines) rather than authentic. Hoped for more for the pric
CDB-GRAY-476-1AB,GRAYSON Heavyweight Long Handle - Antique Brass,Handle,Value for money,PRODUCT,1,0,1,0,Didn’t find this to be as good of quality as expected for the price. The backplate is flimsy and the Antique Brass finish looks very manufactured (streaks/uniform lines) rather than authentic. Hoped for more for the pric
HK-LEVI-80-BK,LEVI Hook - Black,Hook,Size & dimensions,PRODUCT,1,0,1,0,Smaller than I expected
CTB-KEPL-160-3BK,KEPLER Knurled Handle - Black,Handle,Weight & material feel,PRODUCT,1,0,1,0,"So disappointed with the handles since the material was changed to aluminium they feel so light and cheap compared to before,will never be buying anything again"
KTH-CKN-FELI-025-2SS,FELIX Round Hook - Stainless Steel,,Fixings & screws,PRODUCT,1,0,1,0,"The door hook is beautiful, expect we can’t get the fixture to fit with the provided screw/ plug. It wiggles in the fitting and doesn’t screw tight to the door. I’m sure once we’ve figured out how to sort it, it will be "
KTH-CKN-FELI-025-2SS,FELIX Round Hook - Stainless Steel,,Breakage & defect,PRODUCT,1,0,1,0,"The door hook is beautiful, expect we can’t get the fixture to fit with the provided screw/ plug. It wiggles in the fitting and doesn’t screw tight to the door. I’m sure once we’ve figured out how to sort it, it will be "
ACM-CCM-260-2GR,Measurement Tool (CC Hole Measurer),Tools,Unclassified,PRODUCT,1,0,1,0,The holes do not seem to synch with anything.
CKN-PEBB-038-1AG,PEBBLE Organic Knob - Aged Brass,Knob,Finish & colour mismatch,PRODUCT,1,0,1,0,Well packaged and a timely delivery. I love the shape a feel of the handles but they look much brighter and shinier on the website than in real life. I would’ve preferred them if they were brighter.
CKN-PEBB-038-1AG,PEBBLE Organic Knob - Aged Brass,Knob,Delivery,OPS,1,0,1,0,Well packaged and a timely delivery. I love the shape a feel of the handles but they look much brighter and shinier on the website than in real life. I would’ve preferred them if they were brighter.
KH-KEPLER-160-AB,KEPLER Knurled T-Bar Handle - Antique Brass,Handle,Installation difficulty,PRODUCT,1,0,1,0,"I’m going to be honest: we love the look of all your products, we’ve probably bought over 40 x dimmer and switcher units but our electricians have had a NIGHTMARE for the last 3 months - in their words because we chose P"
COH-FOLD-070-2BK,FOLD Short Edge Pull Handle - Black,Handle,Fixings & screws,PRODUCT,0,2,2,1,"but as expected, the quality was rubbish, and so I did what I should’ve done originally… pay a bit more for some handles of top quality. These exceeded my expectatations in every way; smooth edges, no rough bits anywhere || but as expected, the quality was rubbish, and so I did what I should’ve done originally… pay a bit more for some handles of top quality. These exceeded my expectatations in every way; smooth edges, no rough bits anywhere"
CDB-BOBB-175-1BR,BOBBIN Handle - Brass,Handle,Fixings & screws,PRODUCT,0,2,2,1,slightly longer to go through my wardrobe doors || slightly longer to go through my wardrobe doors
ADH-HOFF-090-3BK-R,HOFFMAN 90mm Hook - Black,Hook,Size & dimensions,PRODUCT,0,2,2,1,"However, they were too small for my project. || However, they were too small for my project."
KTH-CKN-FELI-025-1AB,FELIX Hook - Antique Brass,Hook,Fixings & screws,PRODUCT,0,2,2,1,"but putting it to use in another project. My only other piece is that my cupboard was wider than the bolt provided, so I'll have to source longs options separately || but putting it to use in another project. My only other piece is that my cupboard was wider than the bolt provided, so I'll have to source longs options separately"
CKN-BOBB-025-1BR,BOBBIN Ball Knob - Brass,Knob,Fixings & screws,PRODUCT,0,2,2,1,slightly longer screws for a couple of them. || slightly longer screws for a couple of them.
GB-KIT-ETOG-KEPL-1G-1BR,KEPLER 1G Knurled Toggle Light Switch - Brass,Switch & Dimmer,Installation difficulty,PRODUCT,0,1,1,0,"disappointed. I got an electrician to fix them as i don’t like messing with electrics, but he found them easy to replace"
GB-LCL-MARI-028-7BR,MARIN Glass Pendant Light - Brass,Fixed Lighting,Fixings & screws,PRODUCT,0,1,1,0,"but none seem to look quite as nice as this one. The fitting itself seems to be good quality, and not too heavy which means the fixings will work on just about any ceiling.  The installation itself was easy enough, altho"
GB-LCL-MARI-028-7BR,MARIN Glass Pendant Light - Brass,Fixed Lighting,Installation difficulty,PRODUCT,0,1,1,0,"but none seem to look quite as nice as this one. The fitting itself seems to be good quality, and not too heavy which means the fixings will work on just about any ceiling.  The installation itself was easy enough, altho"
